id,first_name,last_name,email,gender,date_of_birth,country_of_birth
1,Adena,Avrahamian,aavrahamian0@posterous.com,Female,19-09-2008,Indonesia
2,Hanny,Winspire,hwinspire1@php.net,Female,11-02-2011,Canada
3,Flss,de Najera,fdenajera2@narod.ru,Female,06-01-1974,China
4,Rolfe,Wraxall,rwraxall3@apple.com,Male,01-09-1977,Poland
5,Kinsley,Mitchelhill,kmitchelhill4@umich.edu,Male,17-07-1978,Poland
6,Wildon,Dymidowicz,wdymidowicz5@i2i.jp,Male,15-09-2012,Indonesia
7,Freddie,Alpin,falpin6@instagram.com,Female,10-10-1994,Uruguay
8,Georgeanne,Slark,gslark7@dagondesign.com,Female,24-11-1963,Nigeria
9,Alley,Blackledge,ablackledge8@dagondesign.com,Genderfluid,01-01-2001,Portugal
10,Quinlan,Dullaghan,qdullaghan9@spotify.com,Genderfluid,24-07-2007,Portugal
11,Etty,Pairpoint,epairpointa@is.gd,Female,11-06-1963,Vietnam
12,Art,Eouzan,aeouzanb@nymag.com,Male,08-08-1998,China
13,Sergei,Hars,sharsc@imageshack.us,Male,14-08-1975,China
14,Jackqueline,Tethacot,jtethacotd@tiny.cc,Female,16-05-2009,Morocco
15,Toby,Cluley,tcluleye@yale.edu,Female,14-06-1976,China
16,Viv,Piris,vpirisf@fc2.com,Female,07-08-2011,Bangladesh
17,Rik,Riba,rribag@wikimedia.org,Male,21-02-1980,Ukraine
18,Ilario,Kenshole,ikensholeh@hc360.com,Male,03-07-1994,Uzbekistan
19,Thorn,Quillinane,tquillinanei@theguardian.com,Male,21-09-1965,Ukraine
20,Corinne,Meaton,cmeatonj@apache.org,Female,05-10-1981,Russia
21,Flynn,Viccars,fviccarsk@jigsy.com,Male,30-06-1967,Mongolia
22,Herman,McKmurrie,hmckmurriel@umich.edu,Male,11-12-2019,Russia
23,Berky,Villiers,bvilliersm@un.org,Male,18-06-2009,China
24,Osgood,Letherbury,oletherburyn@economist.com,Male,02-03-1971,China
25,Kelly,Sallnow,ksallnowo@com.com,Female,09-06-1990,Yemen
26,Petronia,Beeze,pbeezep@loc.gov,Female,14-01-1961,France
27,Brinn,Tegler,bteglerq@mozilla.org,Female,18-06-2006,Portugal
28,Kyle,Clover,kcloverr@amazon.co.uk,Male,27-10-2001,Philippines
29,Timotheus,Aliman,talimans@samsung.com,Male,02-09-1991,China
30,Sayre,Sander,ssandert@bloglines.com,Female,16-07-1969,Brazil
31,Fredelia,Hardage,fhardageu@google.com,Female,28-07-1969,China
32,Tulley,Cantero,tcanterov@godaddy.com,Male,14-02-2006,Czech Republic
33,Geralda,Hughlock,ghughlockw@mapy.cz,Female,28-08-1987,Ukraine
34,Douglas,Mayling,dmaylingx@kickstarter.com,Male,25-02-2008,Indonesia
35,Malachi,Costar,mcostary@topsy.com,Male,04-02-1975,Russia
36,Moselle,Menis,mmenisz@elegantthemes.com,Female,05-12-2009,China
37,Linnie,Sposito,lsposito10@discovery.com,Agender,01-09-1966,Vietnam
38,Merna,Monger,mmonger11@ycombinator.com,Female,08-10-1980,China
39,Helen-elizabeth,Mildner,hmildner12@acquirethisname.com,Female,10-03-2001,Czech Republic
40,Iorgo,Shapiro,ishapiro13@seattletimes.com,Male,21-01-1976,China
41,Elsy,Adenet,eadenet14@histats.com,Female,14-08-2005,Uganda
42,Harrietta,Bissill,hbissill15@google.com.br,Female,09-05-1995,Norway
43,Layne,Ritchie,lritchie16@slideshare.net,Female,30-11-2012,Jamaica
44,Toddie,O'Currane,tocurrane17@usgs.gov,Genderfluid,21-09-1960,Russia
45,Cherise,Bratch,cbratch18@yellowbook.com,Female,08-02-1981,Colombia
46,Dino,Scullin,dscullin19@jiathis.com,Male,18-09-1998,Portugal
47,Andriette,Peatman,apeatman1a@qq.com,Female,21-02-1968,Argentina
48,Loraine,Turfrey,lturfrey1b@oracle.com,Female,22-04-1980,Croatia
49,Burtie,Bage,bbage1c@hud.gov,Male,25-10-1991,Latvia
50,Boote,Seawright,bseawright1d@va.gov,Male,10-05-2005,Thailand
51,Micky,Brewse,mbrewse1e@cyberchimps.com,Male,19-07-1980,Nicaragua
52,Modesta,Faveryear,mfaveryear1f@uiuc.edu,Female,01-12-1976,China
53,Julianne,MacFarlane,jmacfarlane1g@webmd.com,Female,23-02-2015,China
54,Mariquilla,Meynell,mmeynell1h@xing.com,Agender,08-11-2008,Sri Lanka
55,Leesa,Foster,lfoster1i@about.me,Genderqueer,28-03-1966,Russia
56,Granthem,Castellone,gcastellone1j@seattletimes.com,Male,28-12-1971,Pakistan
57,Mannie,Kinchley,mkinchley1k@dropbox.com,Bigender,23-09-1974,Kuwait
58,Rogers,Van Hesteren,rvanhesteren1l@examiner.com,Male,10-11-1998,Indonesia
59,Allayne,Demogeot,ademogeot1m@globo.com,Male,07-11-2017,China
60,Egon,Grinter,egrinter1n@latimes.com,Male,24-07-1991,Brazil
61,Suellen,Arnaudot,sarnaudot1o@vkontakte.ru,Female,30-10-2011,Canada
62,Worthy,Ryrie,wryrie1p@taobao.com,Male,29-05-1986,Kenya
63,Kiley,Trusler,ktrusler1q@blogtalkradio.com,Male,23-06-2009,Russia
64,Obie,Knobell,oknobell1r@netlog.com,Male,09-09-1969,China
65,Harmon,Bohlsen,hbohlsen1s@soup.io,Male,04-07-1992,United States
66,Earle,Roncelli,eroncelli1t@cbc.ca,Agender,30-07-2001,Russia
67,Chas,Georges,cgeorges1u@sitemeter.com,Male,27-05-2010,Indonesia
68,Aaron,Luparti,aluparti1v@vkontakte.ru,Male,05-03-1964,Zimbabwe
69,Giacopo,Stone Fewings,gstonefewings1w@freewebs.com,Male,02-03-2021,Ukraine
70,Radcliffe,Treble,rtreble1x@mediafire.com,Male,12-07-1989,Argentina
71,Rosita,Danby,rdanby1y@eventbrite.com,Female,03-06-1976,Pakistan
72,Bidget,Tegler,btegler1z@techcrunch.com,Female,24-12-2007,Estonia
73,Delmar,Lawrinson,dlawrinson20@live.com,Male,16-03-1972,Serbia
74,Lettie,Kimbell,lkimbell21@barnesandnoble.com,Female,23-05-1963,Norway
75,Oran,McCerery,omccerery22@etsy.com,Male,12-10-1965,Russia
76,Dione,Lantry,dlantry23@senate.gov,Female,29-08-1967,Costa Rica
77,Sena,Tippett,stippett24@pbs.org,Female,05-04-1975,Philippines
78,Currie,Ronald,cronald25@prnewswire.com,Male,12-05-2008,Russia
79,Meryl,Aitken,maitken26@state.gov,Male,15-10-2008,Peru
80,Evvie,Angeau,eangeau27@va.gov,Female,23-02-1987,Mexico
81,Bren,Lifsey,blifsey28@pen.io,Male,22-09-1984,Mongolia
82,Heall,Crumbie,hcrumbie29@sbwire.com,Male,30-08-1991,Russia
83,Edwin,Pendrid,ependrid2a@illinois.edu,Male,13-09-1997,Thailand
84,Janna,Galiero,jgaliero2b@live.com,Female,28-10-2005,Kosovo
85,Collette,Kleinerman,ckleinerman2c@creativecommons.org,Female,04-07-2023,Syria
86,Dillon,Snashall,dsnashall2d@parallels.com,Male,10-01-2003,Albania
87,Berta,Garahan,bgarahan2e@posterous.com,Female,23-06-1997,United States
88,Erny,Isakowicz,eisakowicz2f@slashdot.org,Male,12-08-1977,Portugal
89,Lynnell,Van Geffen,lvangeffen2g@cnbc.com,Female,18-10-2022,Portugal
90,Barris,Swynley,bswynley2h@unesco.org,Male,05-03-1994,Mexico
91,Wadsworth,Sperring,wsperring2i@hostgator.com,Male,21-04-1960,Philippines
92,Eliot,Sackey,esackey2j@tiny.cc,Male,23-06-1980,Israel
93,Ellyn,Swinden,eswinden2k@sina.com.cn,Female,30-09-2020,China
94,Vin,Graybeal,vgraybeal2l@hostgator.com,Male,14-02-1962,China
95,Trueman,Storre,tstorre2m@whitehouse.gov,Non-binary,21-06-2022,Liberia
96,Keenan,Pointon,kpointon2n@dot.gov,Male,02-09-2005,Colombia
97,Arni,Kentish,akentish2o@qq.com,Male,28-07-1976,China
98,Basile,Jory,bjory2p@theguardian.com,Male,03-04-2011,China
99,Norby,Ghiroldi,nghiroldi2q@4shared.com,Male,31-10-2009,Philippines
100,Karyl,Ivshin,kivshin2r@netlog.com,Female,28-09-2017,Philippines
101,Rubia,Byrd,rbyrd2s@yandex.ru,Female,25-12-1980,Philippines
102,Sean,Adolfsen,sadolfsen2t@elpais.com,Female,15-06-1965,Indonesia
103,Georas,Kitcher,gkitcher2u@acquirethisname.com,Male,29-03-1993,China
104,Ber,Stallion,bstallion2v@unc.edu,Male,09-06-1964,Ireland
105,Augustus,Babbage,ababbage2w@constantcontact.com,Male,25-08-2020,Oman
106,Falito,Tsarovic,ftsarovic2x@nps.gov,Male,24-01-1964,French Guiana
107,Tamar,Udy,tudy2y@archive.org,Female,29-03-1985,China
108,Regan,Bullus,rbullus2z@google.es,Female,19-03-1982,Cuba
109,Karim,Antczak,kantczak30@foxnews.com,Male,24-11-1999,South Africa
110,Jerald,Duetsche,jduetsche31@rakuten.co.jp,Male,15-06-1961,Brazil
111,Rozele,Luggar,rluggar32@discuz.net,Genderqueer,01-04-1962,China
112,Yuma,Kiledal,ykiledal33@wikispaces.com,Male,26-05-1985,Poland
113,Dal,Rowett,drowett34@marketwatch.com,Male,04-09-2004,Guam
114,Paxton,Gergely,pgergely35@bluehost.com,Male,04-04-1964,China
115,Rochette,Royson,rroyson36@booking.com,Agender,03-08-1964,China
116,Aida,Abrashkov,aabrashkov37@yelp.com,Female,09-04-1962,Thailand
117,Brigg,Brislane,bbrislane38@discuz.net,Male,24-08-1971,United Kingdom
118,Duke,Kaliszewski,dkaliszewski39@arstechnica.com,Male,22-10-1989,China
119,Odella,Tomczynski,otomczynski3a@ebay.co.uk,Female,25-01-1964,Czech Republic
120,Bryan,Radolf,bradolf3b@flickr.com,Male,14-06-2017,Slovenia
121,Jefferson,Darque,jdarque3c@rediff.com,Male,08-06-1981,China
122,Lovell,Shepherdson,lshepherdson3d@seattletimes.com,Male,19-10-2012,Indonesia
123,Gav,Bartozzi,gbartozzi3e@berkeley.edu,Male,01-05-2015,Sweden
124,Jenna,Maciejak,jmaciejak3f@amazon.co.uk,Female,28-05-2014,Maldives
125,Jewelle,Rothschild,jrothschild3g@tinyurl.com,Female,28-09-1982,Brazil
126,Carline,Arnaudin,carnaudin3h@vistaprint.com,Female,15-01-2017,Czech Republic
127,Aguie,Claffey,aclaffey3i@bloglovin.com,Male,03-02-1961,Ireland
128,Shea,Klimontovich,sklimontovich3j@gravatar.com,Male,31-10-1982,Norway
129,Gauthier,Greader,ggreader3k@privacy.gov.au,Male,25-01-2000,Slovenia
130,Cordie,Wint,cwint3l@rediff.com,Agender,14-05-2005,Philippines
131,Saudra,Nettleship,snettleship3m@homestead.com,Female,16-05-1965,Italy
132,Tamera,Salan,tsalan3n@prweb.com,Female,15-10-2015,Indonesia
133,Moshe,Giacopelo,mgiacopelo3o@google.com.hk,Male,16-08-1970,Russia
134,Rabbi,Gorgen,rgorgen3p@cam.ac.uk,Male,03-10-1989,Venezuela
135,Jeramey,Binfield,jbinfield3q@columbia.edu,Male,17-08-1962,Sweden
136,Celesta,Petteford,cpetteford3r@comsenz.com,Female,02-08-1969,China
137,Bartlett,Stanning,bstanning3s@phpbb.com,Male,01-10-1976,Thailand
138,Vania,Benz,vbenz3t@nsw.gov.au,Female,12-01-1998,Australia
139,Jayme,Dowsing,jdowsing3u@fc2.com,Male,12-10-2010,Brazil
140,Law,Posthill,lposthill3v@howstuffworks.com,Male,04-03-1982,Indonesia
141,Fairleigh,Kirsop,fkirsop3w@ca.gov,Male,15-09-1985,Comoros
142,Raeann,Jaquet,rjaquet3x@springer.com,Female,11-12-1984,China
143,Jilly,Bloom,jbloom3y@tmall.com,Genderqueer,05-01-1970,Vietnam
144,Alverta,Stears,astears3z@naver.com,Female,05-01-1994,Ukraine
145,Remy,Moulton,rmoulton40@hatena.ne.jp,Female,01-10-1965,Libya
146,Jasmine,Inkle,jinkle41@marketwatch.com,Bigender,18-08-1960,Ghana
147,Roseanne,Croutear,rcroutear42@nyu.edu,Female,29-05-2012,Portugal
148,Brittni,Demkowicz,bdemkowicz43@list-manage.com,Female,28-05-2001,Indonesia
149,Abbye,Mussilli,amussilli44@mapy.cz,Female,23-07-2016,Indonesia
150,Yolanda,de Verson,ydeverson45@addthis.com,Female,25-08-1961,Indonesia
151,Perri,Goldes,pgoldes46@ucoz.com,Female,29-01-1985,China
152,Valeda,Tilley,vtilley47@yale.edu,Female,07-05-1971,Thailand
153,Wilow,FitzAlan,wfitzalan48@nbcnews.com,Female,07-10-1976,China
154,Hakeem,Imason,himason49@loc.gov,Male,19-07-1976,Chile
155,Sarena,Dehm,sdehm4a@furl.net,Female,28-06-1990,Japan
156,Ervin,Duffin,eduffin4b@spiegel.de,Male,09-01-2007,France
157,L;urette,Beldum,lbeldum4c@t.co,Polygender,03-01-1984,China
158,Verina,Bonsul,vbonsul4d@seesaa.net,Female,15-06-2007,Syria
159,Gabie,Geaveny,ggeaveny4e@comsenz.com,Polygender,12-07-2015,United States
160,Eada,Walkingshaw,ewalkingshaw4f@weather.com,Bigender,09-05-1993,Brazil
161,Bradley,Lubeck,blubeck4g@cbslocal.com,Male,08-06-1989,Brazil
162,Mada,Threadgould,mthreadgould4h@discovery.com,Female,30-08-1977,Jamaica
163,Lynelle,Rea,lrea4i@elpais.com,Female,06-09-2023,Egypt
164,Sari,Haglinton,shaglinton4j@last.fm,Female,23-10-1982,Tanzania
165,Debee,Haensel,dhaensel4k@bizjournals.com,Female,15-01-1997,France
166,Carroll,Craiker,ccraiker4l@mapy.cz,Male,23-03-1978,Portugal
167,Prudy,Blanchard,pblanchard4m@amazonaws.com,Female,06-09-1961,Brazil
168,Haven,Duerden,hduerden4n@e-recht24.de,Male,06-10-1983,China
169,Antonio,Lunny,alunny4o@exblog.jp,Male,29-05-1968,Malaysia
170,Marcos,Caville,mcaville4p@washington.edu,Male,20-03-1982,Philippines
171,Melodee,Meugens,mmeugens4q@dagondesign.com,Agender,12-10-2015,Greece
172,Celinda,Connerly,cconnerly4r@mediafire.com,Female,16-11-1992,China
173,Star,Corsan,scorsan4s@goo.gl,Bigender,12-05-1998,Colombia
174,Gwyneth,Calderhead,gcalderhead4t@wunderground.com,Female,04-10-1980,China
175,Saunderson,Begley,sbegley4u@dmoz.org,Male,05-06-1966,Philippines
176,Murial,Corrin,mcorrin4v@reverbnation.com,Female,13-05-1975,Mexico
177,Rahel,Cruickshank,rcruickshank4w@diigo.com,Genderqueer,02-05-2006,Canada
178,Lurette,Comfort,lcomfort4x@businessinsider.com,Female,05-01-1970,Russia
179,Jobie,Emmins,jemmins4y@google.com,Female,23-06-2004,China
180,Prentiss,Januszewski,pjanuszewski4z@usda.gov,Male,17-09-1966,France
181,Angelica,Lowndsborough,alowndsborough50@chron.com,Genderfluid,10-12-1983,Tajikistan
182,Abeu,Kimmins,akimmins51@businessweek.com,Male,11-03-1985,Ukraine
183,Reynolds,Christofol,rchristofol52@nbcnews.com,Male,03-01-1978,Argentina
184,Gilberta,Gadsden,ggadsden53@nasa.gov,Female,15-05-1990,Poland
185,Marve,Spragge,mspragge54@rakuten.co.jp,Male,05-09-1969,Russia
186,Olympia,Stranaghan,ostranaghan55@biglobe.ne.jp,Female,17-12-1981,Moldova
187,Delly,Ipplett,dipplett56@nydailynews.com,Female,10-12-1979,Brazil
188,Andee,Munks,amunks57@europa.eu,Female,15-10-2009,Brazil
189,Corney,Arrowsmith,carrowsmith58@google.nl,Non-binary,03-03-1984,Brazil
190,Marlyn,Warrener,mwarrener59@globo.com,Female,09-05-1989,China
191,Mia,Warton,mwarton5a@xing.com,Female,16-04-2014,South Korea
192,Gennifer,Littler,glittler5b@prnewswire.com,Female,25-11-1963,Indonesia
193,Chucho,des Remedios,cdesremedios5c@woothemes.com,Male,21-10-2021,Indonesia
194,Oren,Kording,okording5d@bloglines.com,Male,06-11-1980,Philippines
195,Torrence,Jaques,tjaques5e@cbslocal.com,Male,14-03-2001,Philippines
196,Vincenz,Dutt,vdutt5f@google.co.uk,Male,16-12-1962,Indonesia
197,Thor,Blundan,tblundan5g@xing.com,Male,22-03-1999,Philippines
198,Henryetta,Challes,hchalles5h@indiegogo.com,Female,25-07-2000,Russia
199,Pip,Milkeham,pmilkeham5i@rediff.com,Male,16-08-1987,Canada
200,Annabal,Symcock,asymcock5j@ow.ly,Female,07-05-2014,Portugal
201,Aron,Farrans,afarrans5k@goo.gl,Male,05-04-2003,Indonesia
202,Cyndia,Potteridge,cpotteridge5l@printfriendly.com,Female,02-06-1988,China
203,Elaine,Ferrige,eferrige5m@creativecommons.org,Female,15-03-2004,Brazil
204,Meredithe,Rochford,mrochford5n@liveinternet.ru,Female,16-10-2019,Indonesia
205,Frank,Nemchinov,fnemchinov5o@macromedia.com,Male,06-10-1994,France
206,Nappie,Mankor,nmankor5p@marriott.com,Male,26-12-1969,Sweden
207,Thea,Burchess,tburchess5q@seattletimes.com,Female,13-10-1971,Finland
208,Madella,Chestle,mchestle5r@google.com.hk,Female,27-06-1998,Thailand
209,Gal,Kilshall,gkilshall5s@craigslist.org,Polygender,20-09-1982,Russia
210,Clim,Brandassi,cbrandassi5t@cam.ac.uk,Male,17-08-1973,Ukraine
211,Karin,Shewon,kshewon5u@amazon.com,Female,15-05-2004,Colombia
212,Titus,Clapton,tclapton5v@example.com,Male,08-08-1999,Vietnam
213,Mateo,Liell,mliell5w@woothemes.com,Male,24-10-1981,Indonesia
214,Mylo,Malarkey,mmalarkey5x@virginia.edu,Male,01-12-1990,Bulgaria
215,Gunther,Peacey,gpeacey5y@mail.ru,Male,02-02-2001,United States
216,Ariana,Bigby,abigby5z@guardian.co.uk,Female,13-12-2019,Brazil
217,Storm,Hehl,shehl60@artisteer.com,Genderqueer,17-10-1994,United States
218,Leigh,Theaker,ltheaker61@mapquest.com,Male,28-08-2004,Netherlands
219,Pammie,Dressel,pdressel62@goo.gl,Female,05-06-2012,Macedonia
220,Courtnay,Tidmas,ctidmas63@sfgate.com,Male,28-01-2011,China
221,Weylin,Gomery,wgomery64@telegraph.co.uk,Male,19-02-2007,China
222,Morris,Sambrook,msambrook65@wikimedia.org,Male,31-05-2023,Honduras
223,Hewe,Cheesley,hcheesley66@businessinsider.com,Male,31-01-2009,Japan
224,Bartholomeus,Glenny,bglenny67@merriam-webster.com,Male,26-10-1963,Botswana
225,Ellynn,D'Angeli,edangeli68@webnode.com,Female,02-03-1996,China
226,Lek,Newis,lnewis69@usnews.com,Male,31-07-2009,China
227,Forrester,Torrejon,ftorrejon6a@shinystat.com,Male,22-10-1979,China
228,Ashla,Ronci,aronci6b@disqus.com,Female,22-11-1982,Indonesia
229,Armin,McCumskay,amccumskay6c@ovh.net,Male,16-12-1977,Sudan
230,Kippy,Folke,kfolke6d@ucoz.com,Male,03-08-2003,China
231,Harriette,Handrok,hhandrok6e@elpais.com,Female,11-03-1978,Nigeria
232,Garrett,Bodocs,gbodocs6f@webnode.com,Male,24-03-1987,China
233,Lea,Penhearow,lpenhearow6g@constantcontact.com,Female,02-10-1974,Argentina
234,Finlay,Lumpkin,flumpkin6h@latimes.com,Male,03-06-1970,China
235,Brody,Camlin,bcamlin6i@t.co,Male,23-06-2011,Peru
236,Caryl,Goncaves,cgoncaves6j@constantcontact.com,Female,28-07-2005,Portugal
237,Hanan,Vasilchenko,hvasilchenko6k@google.co.uk,Male,01-07-2014,Russia
238,Beltran,Rushmere,brushmere6l@uol.com.br,Male,20-07-1979,Poland
239,Pennie,Blenkinsop,pblenkinsop6m@springer.com,Male,31-01-1977,Poland
240,Valeda,Volleth,vvolleth6n@mac.com,Female,08-10-1986,Azerbaijan
241,Pyotr,Buckner,pbuckner6o@china.com.cn,Male,07-07-1982,Brazil
242,Laurent,Jerzyk,ljerzyk6p@samsung.com,Male,21-10-1994,Indonesia
243,Kalvin,Retallack,kretallack6q@weebly.com,Male,02-10-2017,Indonesia
244,Jody,Thebe,jthebe6r@jalbum.net,Male,11-03-2011,Brazil
245,Gerry,Davy,gdavy6s@elegantthemes.com,Genderqueer,19-03-1988,Indonesia
246,Ruperta,Staveley,rstaveley6t@bluehost.com,Genderfluid,19-02-1974,France
247,Cathie,Sails,csails6u@rediff.com,Female,18-10-1981,China
248,Inglis,Brokenshaw,ibrokenshaw6v@twitter.com,Male,14-01-2012,Brazil
249,Katheryn,Medling,kmedling6w@nifty.com,Female,15-02-2009,Greece
250,Edgardo,Matchitt,ematchitt6x@ox.ac.uk,Male,11-04-2010,China
251,Aprilette,Coyish,acoyish6y@google.ru,Non-binary,22-05-1993,Brazil
252,Rouvin,Callander,rcallander6z@craigslist.org,Male,29-08-1971,United States
253,Ardelis,Dimitru,adimitru70@shop-pro.jp,Female,14-02-1972,Indonesia
254,Melisse,Currm,mcurrm71@ted.com,Genderqueer,25-10-2018,Indonesia
255,Trumaine,Ranby,tranby72@mlb.com,Male,01-10-2020,Brazil
256,Donia,McElane,dmcelane73@studiopress.com,Female,03-07-1971,Indonesia
257,Papagena,Skellen,pskellen74@weibo.com,Female,30-04-2020,Ireland
258,Weber,Sparke,wsparke75@jimdo.com,Male,02-07-2011,Portugal
259,Valentina,Ofer,vofer76@joomla.org,Female,18-06-1967,Thailand
260,Lettie,Rattry,lrattry77@boston.com,Polygender,03-10-1991,Philippines
261,Arin,Cullrford,acullrford78@engadget.com,Male,14-02-1997,Indonesia
262,Weider,Aneley,waneley79@youku.com,Non-binary,12-08-2004,Greece
263,Angus,Beeze,abeeze7a@addtoany.com,Male,17-05-1992,China
264,Emilie,Melliard,emelliard7b@army.mil,Female,16-04-1982,Japan
265,Erek,Coupman,ecoupman7c@scientificamerican.com,Male,02-04-1975,Indonesia
266,Malinda,Baudouin,mbaudouin7d@gmpg.org,Female,30-07-2001,Yemen
267,Giff,Scocroft,gscocroft7e@free.fr,Male,24-10-1967,Slovenia
268,Peder,Vasichev,pvasichev7f@imageshack.us,Male,12-11-2011,China
269,Aleen,Patriskson,apatriskson7g@springer.com,Female,22-09-1993,Philippines
270,Mirna,Friel,mfriel7h@networksolutions.com,Female,10-08-1991,Indonesia
271,Northrop,Ellwand,nellwand7i@sphinn.com,Polygender,12-01-2007,Indonesia
272,Rosanne,Broome,rbroome7j@devhub.com,Female,24-08-2000,Estonia
273,Lisbeth,Gilson,lgilson7k@soup.io,Female,06-01-2022,Bosnia and Herzegovina
274,Molly,Shropshire,mshropshire7l@msu.edu,Female,17-03-1971,Croatia
275,Masha,Mallison,mmallison7m@shareasale.com,Female,18-10-1961,United States
276,Sidoney,Bolley,sbolley7n@instagram.com,Female,01-10-1988,China
277,Hilda,MacGuiness,hmacguiness7o@clickbank.net,Female,10-01-1963,Canada
278,Huntley,Kirdsch,hkirdsch7p@boston.com,Male,24-11-1962,Bulgaria
279,Cordy,Borleace,cborleace7q@state.gov,Male,12-08-1979,New Zealand
280,Bastien,Godber,bgodber7r@trellian.com,Male,08-06-2003,United States
281,Lorrin,Maffin,lmaffin7s@earthlink.net,Female,04-02-1994,China
282,Yulma,Glasspool,yglasspool7t@engadget.com,Male,18-06-2015,Democratic Republic of the Congo
283,Krishnah,Dallemore,kdallemore7u@sakura.ne.jp,Male,11-08-1983,China
284,Berkly,Finnigan,bfinnigan7v@ed.gov,Male,24-07-1968,China
285,Queenie,Regglar,qregglar7w@bizjournals.com,Female,03-02-2013,Brazil
286,Chase,Littlefair,clittlefair7x@weibo.com,Male,22-01-2002,Thailand
287,Nefen,McGilben,nmcgilben7y@seattletimes.com,Male,07-12-1999,Brazil
288,Ari,Regitz,aregitz7z@ft.com,Male,11-03-1975,Indonesia
289,Libbi,Bachanski,lbachanski80@mit.edu,Agender,22-03-1977,Uruguay
290,Miller,Fairlamb,mfairlamb81@prlog.org,Male,29-03-1989,Brazil
291,Milly,Scintsbury,mscintsbury82@miitbeian.gov.cn,Female,14-04-1990,Bosnia and Herzegovina
292,Minnaminnie,Worsfield,mworsfield83@fema.gov,Female,23-03-2022,France
293,Keriann,Illwell,killwell84@chronoengine.com,Female,12-04-1975,Peru
294,Johanna,Pischoff,jpischoff85@psu.edu,Female,27-03-1975,Pakistan
295,Nannie,Dyerson,ndyerson86@livejournal.com,Female,06-05-2007,Philippines
296,Kessiah,Jeyes,kjeyes87@free.fr,Female,18-10-1966,Egypt
297,Fleming,Swanbourne,fswanbourne88@mac.com,Male,12-04-1965,United States
298,Nikolos,Genge,ngenge89@boston.com,Agender,25-12-1974,Brazil
299,Bernetta,Bowling,bbowling8a@twitpic.com,Female,17-09-2003,Armenia
300,Agatha,Mariot,amariot8b@ucla.edu,Female,25-03-1985,Nigeria
301,Arny,Rogger,arogger8c@apache.org,Male,15-09-1963,Belarus
302,Baxy,Simo,bsimo8d@google.pl,Male,12-05-2015,Poland
303,Nathaniel,Maryin,nmaryin8e@miitbeian.gov.cn,Male,19-10-2009,China
304,Logan,Domeney,ldomeney8f@surveymonkey.com,Male,05-04-1994,Bangladesh
305,Bernadina,Beartup,bbeartup8g@fotki.com,Female,04-03-2002,Philippines
306,Ari,Phizackarley,aphizackarley8h@psu.edu,Male,25-06-1977,Chad
307,Quint,Knowlys,qknowlys8i@bbc.co.uk,Male,16-03-2022,Poland
308,Natalie,Taber,ntaber8j@hugedomains.com,Female,16-10-2015,China
309,Penn,Rockwell,prockwell8k@yale.edu,Male,18-06-2004,China
310,Erl,Berge,eberge8l@instagram.com,Male,09-07-2010,Russia
311,Farleigh,Munden,fmunden8m@photobucket.com,Male,21-10-1998,Norway
312,Cathrine,Fevers,cfevers8n@merriam-webster.com,Female,08-02-1966,Cuba
313,Fritz,Celle,fcelle8o@cdc.gov,Male,18-02-1969,Palestinian Territory
314,Daryl,Fenlon,dfenlon8p@yellowbook.com,Male,28-04-1993,Philippines
315,Joe,Cardero,jcardero8q@xing.com,Male,15-07-1978,Colombia
316,Harriett,Mc Curlye,hmccurlye8r@bandcamp.com,Polygender,16-01-1990,Chile
317,Jessica,Trouncer,jtrouncer8s@wisc.edu,Female,10-02-1970,United States
318,Lainey,Mahaddy,lmahaddy8t@goo.ne.jp,Female,13-06-2008,China
319,Mord,Poulson,mpoulson8u@thetimes.co.uk,Male,28-02-2004,Ukraine
320,Osbourn,Wakerley,owakerley8v@washingtonpost.com,Male,21-02-1965,Thailand
321,Yankee,Munt,ymunt8w@sfgate.com,Polygender,27-02-2014,Indonesia
322,Sioux,Hailey,shailey8x@illinois.edu,Female,11-05-2007,Netherlands
323,Ryley,Boniface,rboniface8y@shutterfly.com,Male,06-10-1983,Poland
324,Georg,Standrin,gstandrin8z@vinaora.com,Male,18-03-1961,Sweden
325,Lorilee,Wrankling,lwrankling90@xrea.com,Female,05-01-2011,Japan
326,Rainer,Eggar,reggar91@reuters.com,Male,17-01-2014,Indonesia
327,Marv,Milliere,mmilliere92@wunderground.com,Male,03-05-1995,Russia
328,Gerrie,Simeons,gsimeons93@1und1.de,Male,18-07-1988,China
329,Booth,Marcone,bmarcone94@whitehouse.gov,Male,10-07-1999,Poland
330,Lissy,Brauns,lbrauns95@nbcnews.com,Female,30-05-1966,Indonesia
331,Farr,Mordecai,fmordecai96@state.tx.us,Male,19-12-1985,Philippines
332,Lambert,Tokley,ltokley97@plala.or.jp,Male,05-02-1975,Slovenia
333,Cary,Neames,cneames98@flavors.me,Female,16-11-1980,Uruguay
334,Latashia,McArdle,lmcardle99@cnn.com,Female,23-06-1964,Russia
335,Brina,Eskriett,beskriett9a@booking.com,Female,28-04-2016,Israel
336,Christi,MacNalley,cmacnalley9b@ft.com,Female,20-06-1960,Peru
337,See,Royle,sroyle9c@i2i.jp,Male,05-02-1986,Brazil
338,Dorie,Creber,dcreber9d@yellowbook.com,Bigender,13-05-1977,Malawi
339,Arnie,Murdy,amurdy9e@theglobeandmail.com,Male,14-02-1971,Jamaica
340,Catha,Labern,clabern9f@imageshack.us,Female,19-07-2014,South Africa
341,Gran,Holbury,gholbury9g@fema.gov,Male,29-05-1987,Russia
342,Cariotta,Bullerwell,cbullerwell9h@ovh.net,Female,25-07-1996,Cuba
343,Bennie,Boarder,bboarder9i@usnews.com,Genderfluid,20-04-2004,France
344,Lombard,Guard,lguard9j@mail.ru,Male,10-12-2009,Russia
345,Irving,Fealy,ifealy9k@sphinn.com,Male,19-04-1989,Georgia
346,Atlante,Seaborne,aseaborne9l@walmart.com,Female,09-12-2017,United States
347,Hyacinthie,Downer,hdowner9m@admin.ch,Female,08-09-2018,Honduras
348,Savina,Carsberg,scarsberg9n@alexa.com,Female,21-08-1983,Peru
349,Gabbie,Poppleston,gpoppleston9o@gmpg.org,Male,31-07-2006,Indonesia
350,Lemmy,MacLaren,lmaclaren9p@51.la,Bigender,03-07-2003,Ukraine
351,Robinet,Sylvester,rsylvester9q@artisteer.com,Genderqueer,13-03-2000,Czech Republic
352,Prince,Barhems,pbarhems9r@nationalgeographic.com,Male,10-09-1995,Russia
353,Matelda,Edgworth,medgworth9s@cnet.com,Female,30-12-1998,Mexico
354,Hank,Kordova,hkordova9t@parallels.com,Male,08-08-1989,Malaysia
355,Shaun,Pridding,spridding9u@blogtalkradio.com,Female,08-03-1995,Sweden
356,Xenia,Baiden,xbaiden9v@domainmarket.com,Female,12-08-1968,Portugal
357,Douglass,Hatherley,dhatherley9w@privacy.gov.au,Male,15-01-1998,Canada
358,Dedra,L'argent,dlargent9x@ycombinator.com,Female,18-03-2019,Philippines
359,Chip,Ollander,collander9y@tamu.edu,Male,23-08-2010,Colombia
360,Cliff,Kryszka,ckryszka9z@printfriendly.com,Male,18-08-2007,Colombia
361,Jonell,Brine,jbrinea0@wp.com,Female,29-11-2014,Japan
362,Mikol,Callan,mcallana1@tamu.edu,Male,25-08-1966,France
363,Jon,Franseco,jfransecoa2@friendfeed.com,Genderfluid,27-02-2020,China
364,Anitra,Balham,abalhama3@google.co.uk,Female,26-04-1992,China
365,Lacee,Prall,lpralla4@aboutads.info,Female,06-05-1999,Portugal
366,Kendricks,Rubenovic,krubenovica5@nationalgeographic.com,Male,14-03-1960,China
367,Ruddie,Offield,roffielda6@privacy.gov.au,Male,15-01-1979,Indonesia
368,Dre,Glencross,dglencrossa7@google.com,Female,19-07-1971,Jamaica
369,Sheree,Deaton,sdeatona8@ameblo.jp,Female,21-01-1963,Brazil
370,Barbey,Willder,bwilldera9@g.co,Female,19-02-2018,Russia
371,Irina,Birtchnell,ibirtchnellaa@odnoklassniki.ru,Female,03-09-1960,Indonesia
372,Shawn,Rostron,srostronab@engadget.com,Male,30-06-1970,Portugal
373,Kial,Tine,ktineac@so-net.ne.jp,Female,29-05-2006,China
374,Isiahi,Ucceli,iucceliad@simplemachines.org,Male,04-11-1982,Colombia
375,Thomasine,Linford,tlinfordae@hud.gov,Female,31-05-1978,China
376,Bobby,Shilliday,bshillidayaf@businesswire.com,Female,12-05-1975,Ukraine
377,Bartholomeo,Girogetti,bgirogettiag@disqus.com,Male,28-03-1995,China
378,Legra,Mott,lmottah@rediff.com,Female,25-03-1970,Indonesia
379,Beck,Presswell,bpresswellai@foxnews.com,Male,06-11-2014,China
380,Catriona,Kearey,ckeareyaj@icio.us,Female,23-12-1976,Peru
381,Daisie,Lodwick,dlodwickak@meetup.com,Female,05-03-2020,Sweden
382,Vernen,McRae,vmcraeal@artisteer.com,Male,26-02-2012,China
383,Cam,Van Brug,cvanbrugam@statcounter.com,Male,20-11-1995,Vietnam
384,Falito,Behneke,fbehnekean@yolasite.com,Male,30-08-1997,Philippines
385,Vernice,Benit,vbenitao@google.cn,Female,05-11-1960,Serbia
386,Florri,Hardson,fhardsonap@parallels.com,Female,24-07-1991,Ukraine
387,Koren,Guppey,kguppeyaq@biblegateway.com,Genderqueer,24-03-1986,Brazil
388,Hannis,Kadwallider,hkadwalliderar@wordpress.com,Bigender,15-09-1979,Norway
389,Herta,Furtado,hfurtadoas@howstuffworks.com,Female,25-06-2015,China
390,Ailsun,Karpinski,akarpinskiat@scientificamerican.com,Female,01-11-1993,China
391,Barbabas,Devericks,bdevericksau@reference.com,Male,17-12-2001,China
392,Juditha,Woolhouse,jwoolhouseav@cornell.edu,Female,26-04-1963,China
393,Allyn,Errey,aerreyaw@acquirethisname.com,Male,22-11-1995,Indonesia
394,Blythe,Anscombe,banscombeax@exblog.jp,Female,21-09-2005,Costa Rica
395,Allie,Spray,asprayay@cloudflare.com,Male,23-10-1972,Sweden
396,Greggory,O'Hogertie,gohogertieaz@dedecms.com,Male,24-04-2004,China
397,Margo,Reinard,mreinardb0@shinystat.com,Non-binary,21-09-1989,Finland
398,Kleon,MacSkeagan,kmacskeaganb1@hc360.com,Male,02-04-1969,Croatia
399,Iona,McElvogue,imcelvogueb2@un.org,Female,17-11-1968,Armenia
400,Davis,Dunlea,ddunleab3@baidu.com,Male,24-06-1998,China
401,Adara,Bukowski,abukowskib4@arizona.edu,Female,24-10-2023,Colombia
402,Mychal,Bilbery,mbilberyb5@homestead.com,Male,28-08-2007,Kazakhstan
403,Seumas,Inman,sinmanb6@behance.net,Male,24-01-2018,Canada
404,Skipper,Markwelley,smarkwelleyb7@wisc.edu,Male,05-01-1978,Portugal
405,Humbert,Aron,haronb8@weibo.com,Male,27-02-1982,China
406,Malvina,Landreth,mlandrethb9@house.gov,Genderqueer,09-06-1965,Indonesia
407,Piotr,Dawton,pdawtonba@freewebs.com,Agender,02-10-1989,Brazil
408,Barnabe,Casone,bcasonebb@nba.com,Male,22-08-1967,China
409,Sandie,Newcom,snewcombc@redcross.org,Female,23-12-1996,Uganda
410,Gilberta,Iddins,giddinsbd@nature.com,Female,09-05-1987,Armenia
411,Burt,Oakman,boakmanbe@about.com,Polygender,27-05-2000,China
412,Dov,Dericot,ddericotbf@printfriendly.com,Male,06-04-1971,Dominican Republic
413,Abigale,Creser,acreserbg@bloomberg.com,Female,27-09-1969,China
414,Antony,Ekins,aekinsbh@webs.com,Male,31-08-1977,Israel
415,Wanids,Wanklyn,wwanklynbi@army.mil,Female,16-09-1979,United States
416,Alberta,Friese,afriesebj@prnewswire.com,Female,31-07-1986,Indonesia
417,Nichole,Everley,neverleybk@wisc.edu,Male,30-08-2016,Poland
418,Nettie,Lardnar,nlardnarbl@cnet.com,Genderqueer,13-12-2011,Indonesia
419,Horatius,Wellum,hwellumbm@blogspot.com,Male,05-12-1984,Tajikistan
420,Clovis,Brassington,cbrassingtonbn@google.co.jp,Female,11-09-1997,Colombia
421,Wyatan,Concannon,wconcannonbo@desdev.cn,Male,29-11-2010,China
422,Florenza,Rogan,froganbp@geocities.jp,Female,27-03-1995,Poland
423,Tresa,Kale,tkalebq@myspace.com,Female,01-05-2000,Philippines
424,Lorianna,Braham,lbrahambr@dion.ne.jp,Female,27-03-1970,Colombia
425,Oriana,Bagnold,obagnoldbs@printfriendly.com,Non-binary,25-01-2001,Ukraine
426,Karena,Shewry,kshewrybt@opensource.org,Female,04-10-1978,China
427,Taddeusz,Stocking,tstockingbu@blogs.com,Male,12-06-1972,Pakistan
428,Costa,Slimings,cslimingsbv@whitehouse.gov,Male,03-09-1971,Philippines
429,Ezri,Alban,ealbanbw@ed.gov,Male,23-09-2019,Nigeria
430,Joceline,Whistlecroft,jwhistlecroftbx@g.co,Female,31-01-1984,Russia
431,Barn,Eakens,beakensby@unc.edu,Male,13-07-2013,United States
432,Timothy,Rapport,trapportbz@nba.com,Male,24-03-1994,Colombia
433,Rancell,Evanson,revansonc0@wiley.com,Male,08-02-1977,Dominican Republic
434,Nap,Toombs,ntoombsc1@cnn.com,Male,14-04-1994,Indonesia
435,Dewie,Naseby,dnasebyc2@webmd.com,Male,14-08-1972,China
436,Taryn,Binstead,tbinsteadc3@twitter.com,Female,11-04-1964,Portugal
437,Giralda,Krahl,gkrahlc4@zdnet.com,Female,25-12-2009,Senegal
438,Odelle,MacGillivray,omacgillivrayc5@about.com,Female,22-07-1968,Indonesia
439,Jacquenetta,Dmtrovic,jdmtrovicc6@github.io,Female,17-02-1965,Poland
440,Heinrik,Sproul,hsproulc7@newsvine.com,Male,07-10-1995,France
441,Dorrie,Guillon,dguillonc8@123-reg.co.uk,Female,10-12-1965,China
442,Marje,Mingaud,mmingaudc9@bigcartel.com,Female,28-10-1983,Thailand
443,Jessamyn,Sandars,jsandarsca@myspace.com,Female,08-09-1994,Japan
444,Theo,Blackhall,tblackhallcb@bing.com,Male,23-04-1993,Vietnam
445,Bernetta,Halliburton,bhalliburtoncc@godaddy.com,Female,27-04-2023,Japan
446,Florri,Zaniolini,fzaniolinicd@istockphoto.com,Female,22-10-1978,Russia
447,Rennie,Whewell,rwhewellce@rakuten.co.jp,Female,07-12-1965,China
448,Kale,Hendrichs,khendrichscf@sfgate.com,Male,23-01-1964,China
449,Rosette,Ramsdale,rramsdalecg@instagram.com,Female,11-07-1966,Poland
450,Rutter,Broggelli,rbroggellich@oakley.com,Male,05-12-2008,Russia
451,Ashly,Crothers,acrothersci@wunderground.com,Female,15-01-2023,Indonesia
452,Barth,Gate,bgatecj@vk.com,Male,12-11-1993,Mexico
453,Mauricio,Slane,mslaneck@guardian.co.uk,Male,26-11-1997,Philippines
454,Marlene,Gutowski,mgutowskicl@pen.io,Female,18-07-2023,Philippines
455,Allan,Biggar,abiggarcm@php.net,Male,23-11-1987,Ukraine
456,Nessi,MacGahey,nmacgaheycn@usgs.gov,Female,21-08-2014,China
457,Wald,Drillot,wdrillotco@instagram.com,Agender,03-05-1990,Russia
458,Basia,Travers,btraverscp@mashable.com,Female,11-10-2002,United States
459,Randal,Braunston,rbraunstoncq@ning.com,Male,07-06-1981,Brazil
460,Marty,Sutherland,msutherlandcr@liveinternet.ru,Male,15-06-2021,United States
461,Lacy,Behnen,lbehnencs@g.co,Non-binary,30-08-1965,China
462,Teodorico,Blackleech,tblackleechct@soup.io,Male,29-12-2019,Indonesia
463,Viviyan,Tregaskis,vtregaskiscu@arizona.edu,Female,15-01-1967,Chile
464,Rebeka,Crutch,rcrutchcv@webmd.com,Female,15-06-1991,Portugal
465,Starlene,Wickersham,swickershamcw@hibu.com,Female,23-04-1972,Thailand
466,Tricia,Dallimare,tdallimarecx@zdnet.com,Genderfluid,11-05-2023,China
467,Erin,Royse,eroysecy@ifeng.com,Male,18-01-1975,China
468,Allyce,Auden,aaudencz@zimbio.com,Female,25-10-1983,Indonesia
469,Krishna,Khristoforov,kkhristoforovd0@plala.or.jp,Male,27-04-1973,China
470,Mikel,Held,mheldd1@archive.org,Polygender,27-07-1978,Indonesia
471,Hamnet,Stearns,hstearnsd2@cisco.com,Male,30-04-1978,Russia
472,Haily,Matuszewski,hmatuszewskid3@thetimes.co.uk,Male,18-04-1963,Luxembourg
473,Alexia,Booth,aboothd4@bravesites.com,Female,18-07-2007,China
474,Gillian,McKeaveney,gmckeaveneyd5@skype.com,Female,01-07-1996,Greece
475,Benedetto,Everall,beveralld6@123-reg.co.uk,Male,17-05-2019,Argentina
476,Elwood,Rew,erewd7@state.gov,Genderqueer,17-08-1978,Indonesia
477,Far,Feltoe,ffeltoed8@nbcnews.com,Male,07-05-1975,Russia
478,Calley,Whiffin,cwhiffind9@ed.gov,Female,10-12-2009,Poland
479,Jeramey,Yakunikov,jyakunikovda@surveymonkey.com,Male,09-12-2009,Czech Republic
480,Breanne,Vertigan,bvertigandb@indiatimes.com,Bigender,01-08-1978,France
481,Kip,Klaffs,kklaffsdc@wix.com,Male,08-03-2016,Czech Republic
482,Wilmar,Grzegorzewski,wgrzegorzewskidd@un.org,Male,29-01-1960,United States
483,Audrey,Vosse,avossede@slideshare.net,Female,15-06-1966,Brazil
484,Shannah,Crus,scrusdf@wikipedia.org,Female,14-10-1996,France
485,Bee,Elven,belvendg@tinyurl.com,Female,13-01-1996,Uzbekistan
486,Basile,Haddy,bhaddydh@dion.ne.jp,Male,16-01-2008,China
487,Andee,Salway,asalwaydi@unc.edu,Female,19-05-1960,Argentina
488,Karl,Geoghegan,kgeoghegandj@blogs.com,Male,20-10-2023,France
489,Cathrine,Macenzy,cmacenzydk@bbc.co.uk,Female,13-10-2018,Japan
490,Gerrard,Libri,glibridl@tripadvisor.com,Male,02-06-1982,Brazil
491,Ivonne,Hobbing,ihobbingdm@abc.net.au,Female,31-10-2017,Russia
492,Alvina,Harefoot,aharefootdn@over-blog.com,Female,17-03-1973,Colombia
493,Thia,Bortolutti,tbortoluttido@mlb.com,Female,27-11-1979,China
494,Justinian,Dearnley,jdearnleydp@github.io,Genderqueer,27-07-1980,Philippines
495,Aguie,Barabisch,abarabischdq@home.pl,Male,22-03-1980,China
496,Walsh,Jeanesson,wjeanessondr@telegraph.co.uk,Male,10-03-1992,Czech Republic
497,Jacynth,Kimmince,jkimminceds@hhs.gov,Female,19-05-1990,Indonesia
498,Oneida,Quemby,oquembydt@unc.edu,Female,29-05-1961,Azerbaijan
499,Kalil,Nelthorp,knelthorpdu@gizmodo.com,Male,13-09-1976,United States
500,Laurella,Rosenstiel,lrosenstieldv@macromedia.com,Female,11-05-1967,France
501,Trudey,Kalf,tkalfdw@yolasite.com,Female,06-07-2017,Argentina
502,Stanfield,Fayerman,sfayermandx@weather.com,Male,11-12-1976,Germany
503,Pia,Lehr,plehrdy@washingtonpost.com,Female,09-09-1976,Poland
504,Marcela,Stokell,mstokelldz@businesswire.com,Female,04-03-1975,Poland
505,Robbin,Christophle,rchristophlee0@oracle.com,Female,05-08-1966,United States
506,Caril,Clamp,cclampe1@narod.ru,Female,20-09-1993,China
507,Demetris,Tuhy,dtuhye2@nydailynews.com,Male,14-03-1967,China
508,Dario,Hurley,dhurleye3@go.com,Male,11-10-1972,Sri Lanka
509,Garret,Orringe,gorringee4@narod.ru,Male,14-03-1987,China
510,Mark,Styan,mstyane5@craigslist.org,Male,22-01-1975,Tanzania
511,Boothe,Rowston,browstone6@bbb.org,Male,16-12-1982,Portugal
512,Bryn,Pearson,bpearsone7@sitemeter.com,Male,18-03-1993,Ethiopia
513,Evania,Pattullo,epattulloe8@google.es,Polygender,30-08-1963,Palestinian Territory
514,Weylin,Teather,wteathere9@apache.org,Bigender,07-08-1961,Poland
515,Guthrie,Kitchenham,gkitchenhamea@wikipedia.org,Male,12-08-1984,China
516,Rycca,Mattityahou,rmattityahoueb@stanford.edu,Female,27-12-1986,Malaysia
517,Karl,Eddy,keddyec@who.int,Male,12-12-1963,Albania
518,Deedee,Jandourek,djandoureked@sfgate.com,Female,31-08-1997,Portugal
519,Nat,Suttell,nsuttellee@prweb.com,Male,20-11-1981,Sweden
520,Chery,Stucke,cstuckeef@europa.eu,Female,18-11-1983,China
521,Beret,Blowick,bblowickeg@redcross.org,Female,03-10-1994,Colombia
522,Goran,Dugmore,gdugmoreeh@merriam-webster.com,Male,06-12-1982,Peru
523,Brynne,Childes,bchildesei@fc2.com,Female,13-10-1985,Russia
524,Collie,Shepherd,cshepherdej@histats.com,Female,26-03-2005,Argentina
525,Gerardo,Cardus,gcardusek@tuttocitta.it,Male,24-08-2016,Brazil
526,Kev,Tame,ktameel@shareasale.com,Male,05-06-1967,Russia
527,Dolorita,Melland,dmellandem@narod.ru,Female,31-10-2017,Indonesia
528,Gretal,Ondrus,gondrusen@furl.net,Female,17-11-1977,China
529,Orland,Remer,oremereo@desdev.cn,Male,13-03-1992,Indonesia
530,Nessie,Snozzwell,nsnozzwellep@google.com,Female,16-02-2001,Sweden
531,Guglielma,Service,gserviceeq@yandex.ru,Female,05-05-2010,Bangladesh
532,Corabella,Milliken,cmillikener@comcast.net,Female,03-10-1982,Bosnia and Herzegovina
533,Basilio,Vlasyuk,bvlasyukes@chicagotribune.com,Male,18-02-1973,United States
534,Timmie,Paulino,tpaulinoet@youku.com,Male,12-12-1962,Portugal
535,Sherwynd,Kezor,skezoreu@wordpress.com,Male,21-08-1984,Brazil
536,Carlo,Hiom,chiomev@java.com,Male,16-02-2015,China
537,Anthony,Nuton,anutonew@netvibes.com,Male,24-07-1977,Comoros
538,Portia,McFetridge,pmcfetridgeex@apple.com,Female,29-03-2010,Indonesia
539,Ervin,Blagdon,eblagdoney@4shared.com,Male,21-06-2006,Brazil
540,Mela,MacQuaker,mmacquakerez@g.co,Polygender,16-07-1972,Philippines
541,Ibby,Comettoi,icomettoif0@jalbum.net,Female,21-12-1994,China
542,Cesare,Boick,cboickf1@senate.gov,Male,14-06-1990,Mongolia
543,Estelle,Pellett,epellettf2@goodreads.com,Female,08-08-1970,Finland
544,Tillie,McKerley,tmckerleyf3@epa.gov,Female,22-11-2005,Indonesia
545,Dion,Ciciura,dciciuraf4@cpanel.net,Female,01-10-1999,American Samoa
546,Sean,Dict,sdictf5@amazon.co.uk,Male,01-11-2015,Philippines
547,Noe,Doward,ndowardf6@princeton.edu,Male,27-02-1984,Argentina
548,Trixie,Snelgar,tsnelgarf7@yahoo.co.jp,Female,14-06-1981,Sweden
549,Dalton,Kensley,dkensleyf8@creativecommons.org,Male,30-07-2007,Democratic Republic of the Congo
550,Rebecka,Cecely,rcecelyf9@time.com,Non-binary,18-11-1999,Norway
551,Helen,Hanburry,hhanburryfa@wp.com,Genderqueer,02-01-1986,Indonesia
552,Madelyn,MacFarlan,mmacfarlanfb@trellian.com,Female,23-04-1997,Indonesia
553,Deonne,Roycroft,droycroftfc@cnbc.com,Female,29-12-1998,Colombia
554,Tyson,Messruther,tmessrutherfd@tripadvisor.com,Male,27-06-1988,Russia
555,Della,Chitty,dchittyfe@rambler.ru,Bigender,03-10-2006,Indonesia
556,Debor,Durand,ddurandff@hexun.com,Female,04-07-2017,Greece
557,Dolorita,Bagott,dbagottfg@zdnet.com,Female,06-08-2005,Indonesia
558,Elene,Lillee,elilleefh@tinypic.com,Female,14-08-1994,China
559,Jarib,Wheater,jwheaterfi@google.nl,Male,02-12-2022,Poland
560,Sharron,Troy,stroyfj@fda.gov,Female,23-10-2002,Philippines
561,Marge,Pittwood,mpittwoodfk@free.fr,Female,18-10-1983,Yemen
562,Valera,Bulward,vbulwardfl@army.mil,Female,14-05-2001,Botswana
563,Flss,Renachowski,frenachowskifm@wikimedia.org,Female,23-07-2011,United States
564,Renelle,Sugarman,rsugarmanfn@indiatimes.com,Female,28-10-1985,Indonesia
565,Karina,Semerad,ksemeradfo@yahoo.com,Female,10-01-1989,Indonesia
566,Paige,Paolone,ppaolonefp@list-manage.com,Female,13-11-1973,Central African Republic
567,Gerri,Hebblewhite,ghebblewhitefq@usnews.com,Female,16-05-1988,Czech Republic
568,Dougie,Cyseley,dcyseleyfr@seesaa.net,Male,26-06-2007,Peru
569,Marget,McCaighey,mmccaigheyfs@cpanel.net,Female,20-07-2020,Indonesia
570,Anatole,Le Gassick,alegassickft@joomla.org,Male,10-04-2008,Philippines
571,Emilio,Rudall,erudallfu@comsenz.com,Male,26-05-2000,Russia
572,Emory,Sandle,esandlefv@mit.edu,Male,25-04-1980,China
573,Cointon,Aysh,cayshfw@list-manage.com,Male,14-10-1973,Malaysia
574,Auroora,Foucher,afoucherfx@linkedin.com,Female,22-06-1982,Italy
575,Tabbitha,Starbucke,tstarbuckefy@businesswire.com,Genderfluid,14-12-2003,Indonesia
576,Giustino,Alberti,galbertifz@businessinsider.com,Male,17-11-1978,Nigeria
577,Marna,Callard,mcallardg0@buzzfeed.com,Bigender,25-10-1986,Philippines
578,Marylynne,Romi,mromig1@whitehouse.gov,Female,06-10-1986,Brazil
579,Martyn,McKie,mmckieg2@sun.com,Male,30-08-1992,Brazil
580,Joli,Gammon,jgammong3@zdnet.com,Female,22-03-1980,Poland
581,Tracey,Cowitz,tcowitzg4@cdbaby.com,Male,19-10-1960,Chile
582,Fay,Celle,fcelleg5@cbc.ca,Genderqueer,16-07-2013,China
583,Jozef,Tailby,jtailbyg6@chicagotribune.com,Male,16-11-1987,Mongolia
584,Nollie,Jenteau,njenteaug7@cam.ac.uk,Female,24-08-2009,Philippines
585,Brander,Bore,bboreg8@earthlink.net,Male,09-10-1982,South Africa
586,Lorne,Chimenti,lchimentig9@elpais.com,Male,10-01-1986,Indonesia
587,Worthington,Eyes,weyesga@sun.com,Male,05-04-1996,Philippines
588,Drucy,Bending,dbendinggb@umich.edu,Female,08-12-1970,Pakistan
589,Elmira,Mazillius,emazilliusgc@hp.com,Female,18-06-2002,Russia
590,Randell,Rickeard,rrickeardgd@bluehost.com,Male,19-01-1985,Russia
591,Siffre,McUre,smcurege@china.com.cn,Male,02-11-2010,Portugal
592,Ernestus,Goodnow,egoodnowgf@whitehouse.gov,Male,31-07-2023,Finland
593,Trudie,Durnall,tdurnallgg@over-blog.com,Female,17-11-1993,Japan
594,Farleigh,Shawell,fshawellgh@foxnews.com,Male,25-10-1980,Greece
595,Zilvia,Zorzin,zzorzingi@51.la,Female,30-12-1998,China
596,Remington,Klemps,rklempsgj@meetup.com,Polygender,17-01-2005,China
597,Kinnie,Kern,kkerngk@unesco.org,Male,08-12-1991,China
598,Genevieve,Bartomeu,gbartomeugl@narod.ru,Female,19-09-2011,Paraguay
599,Seamus,Vanichkov,svanichkovgm@discovery.com,Male,29-06-1986,China
600,Roxana,Whinray,rwhinraygn@163.com,Agender,05-11-2019,China
601,Silvain,Pratley,spratleygo@hugedomains.com,Male,10-11-2015,Philippines
602,Salim,Petrozzi,spetrozzigp@wordpress.com,Male,13-01-1998,China
603,Ginger,Drugan,gdrugangq@tinyurl.com,Agender,27-02-2003,Nicaragua
604,Clerkclaude,Muat,cmuatgr@nsw.gov.au,Male,11-01-2002,China
605,Zechariah,Scyner,zscynergs@cyberchimps.com,Male,20-09-1985,Brazil
606,Florie,Amis,famisgt@ftc.gov,Female,18-05-2021,Peru
607,Lydia,Norley,lnorleygu@hexun.com,Female,23-08-1989,Sweden
608,Meredith,Spears,mspearsgv@google.cn,Genderqueer,16-10-1981,Philippines
609,Sawyer,Cash,scashgw@deviantart.com,Male,18-09-1972,Cameroon
610,Kandace,Lawty,klawtygx@chron.com,Female,15-01-1998,Indonesia
611,Gussie,Brood,gbroodgy@bloomberg.com,Female,26-03-2015,Chile
612,Clayson,Extal,cextalgz@opera.com,Male,01-05-2007,Poland
613,Chloris,Asbery,casberyh0@nature.com,Female,09-03-2010,Russia
614,Joanna,Heart,jhearth1@cnet.com,Female,27-07-1969,Italy
615,Carissa,Loxley,cloxleyh2@guardian.co.uk,Female,01-05-1988,Philippines
616,Thacher,Crowthe,tcrowtheh3@lycos.com,Male,08-12-2004,Russia
617,Maressa,Garford,mgarfordh4@globo.com,Bigender,02-03-2016,Denmark
618,Nomi,Wood,nwoodh5@dion.ne.jp,Female,31-07-2021,China
619,Fanni,Chicco,fchiccoh6@eventbrite.com,Female,25-04-1994,Peru
620,Wright,Teggart,wteggarth7@digg.com,Male,06-02-2022,Portugal
621,Stacee,Draisey,sdraiseyh8@360.cn,Male,05-03-1992,China
622,Keeley,Bygott,kbygotth9@nsw.gov.au,Female,18-12-1994,Russia
623,Gabi,Piperley,gpiperleyha@nps.gov,Male,05-10-1962,Brazil
624,Zachery,Medwell,zmedwellhb@ucoz.ru,Male,04-10-1993,Malaysia
625,Suzann,Friett,sfrietthc@parallels.com,Female,24-02-1991,Brazil
626,Georg,McGiffin,gmcgiffinhd@360.cn,Male,05-06-1987,Russia
627,Waylan,Stonnell,wstonnellhe@mac.com,Male,15-06-2022,Canada
628,Paquito,Orto,portohf@nsw.gov.au,Male,05-11-1977,Indonesia
629,Melisent,Powdrell,mpowdrellhg@europa.eu,Female,26-01-1977,Indonesia
630,Currie,Willard,cwillardhh@fotki.com,Male,06-09-2011,Indonesia
631,Kathlin,Phelit,kphelithi@about.me,Female,22-09-1999,Albania
632,Evelyn,Hasson,ehassonhj@mozilla.com,Male,28-04-1980,France
633,Ansel,Olligan,aolliganhk@cocolog-nifty.com,Male,07-11-1969,China
634,Angel,Newens,anewenshl@disqus.com,Male,22-12-2019,Greece
635,Jeffy,Harberer,jharbererhm@deviantart.com,Male,18-06-1973,Cuba
636,Kath,Fone,kfonehn@lulu.com,Genderfluid,21-01-2018,Russia
637,Elsworth,Hinsche,ehinscheho@about.com,Male,13-01-2012,Indonesia
638,Anna-maria,Kunkel,akunkelhp@cargocollective.com,Female,29-06-1963,France
639,Yard,Crippen,ycrippenhq@cam.ac.uk,Non-binary,19-08-2007,Madagascar
640,Reuven,Petrus,rpetrushr@wunderground.com,Male,04-11-1968,Vietnam
641,Dollie,Stellman,dstellmanhs@apple.com,Female,22-12-1998,Macedonia
642,Leonard,Amburgy,lamburgyht@altervista.org,Genderfluid,31-03-1986,Philippines
643,Robena,Hackworthy,rhackworthyhu@simplemachines.org,Female,17-06-2009,Norway
644,Freida,Bewicke,fbewickehv@baidu.com,Female,29-10-1963,Honduras
645,Giusto,Bourley,gbourleyhw@zimbio.com,Male,18-11-2004,Japan
646,Lisa,O'Kynsillaghe,lokynsillaghehx@t-online.de,Female,14-08-2012,Bulgaria
647,Danie,Urry,durryhy@geocities.com,Male,21-06-2007,Peru
648,Ellen,Harbron,eharbronhz@histats.com,Female,11-10-1993,China
649,Benny,Keeltagh,bkeeltaghi0@timesonline.co.uk,Male,17-11-1992,Mauritius
650,Kimble,Shovelton,kshoveltoni1@altervista.org,Male,18-10-2012,China
651,Genevieve,Pickthall,gpickthalli2@tripadvisor.com,Female,16-12-1985,Indonesia
652,Herminia,Quade,hquadei3@dailymail.co.uk,Female,31-12-2015,Azerbaijan
653,Reinald,Noblet,rnobleti4@ftc.gov,Polygender,05-01-1961,Kazakhstan
654,Umeko,Simoneschi,usimoneschii5@opensource.org,Non-binary,14-11-1996,Philippines
655,Cyrillus,De la Feld,cdelafeldi6@slideshare.net,Male,19-12-1972,Ukraine
656,Thomasine,McIlharga,tmcilhargai7@microsoft.com,Female,26-09-1985,Mexico
657,Romonda,Tasker,rtaskeri8@irs.gov,Female,16-01-1967,Japan
658,Zoe,De la Zenne,zdelazennei9@youku.com,Female,14-04-1973,Chad
659,Clyde,O'Halloran,cohallorania@usatoday.com,Male,11-08-1995,Indonesia
660,Rem,Tipperton,rtippertonib@eventbrite.com,Male,11-06-1979,Indonesia
661,Jesse,Dawnay,jdawnayic@ehow.com,Female,08-03-2003,Sweden
662,Ernest,Cayton,ecaytonid@goo.ne.jp,Male,30-08-1981,Canada
663,Vasilis,Llewellen,vllewellenie@java.com,Male,19-03-2000,Vietnam
664,Alyson,Attenbarrow,aattenbarrowif@marriott.com,Bigender,04-03-1994,China
665,Lexy,Preddy,lpreddyig@geocities.jp,Female,08-07-1979,China
666,Corby,Hackelton,chackeltonih@sun.com,Male,22-02-1966,Armenia
667,Towney,Urwen,turwenii@ed.gov,Male,28-06-2011,Indonesia
668,Flemming,Bromet,fbrometij@ft.com,Male,18-01-1985,Latvia
669,Letisha,MacVicar,lmacvicarik@odnoklassniki.ru,Female,04-01-1960,China
670,Nicki,McGlynn,nmcglynnil@omniture.com,Female,19-08-1997,Russia
671,Nanny,Whorf,nwhorfim@apache.org,Female,10-11-1988,Syria
672,Katalin,Sentinella,ksentinellain@nationalgeographic.com,Female,20-05-2023,Portugal
673,Ilka,Mawby,imawbyio@toplist.cz,Female,13-05-1970,Syria
674,Cull,Coleshill,ccoleshillip@hugedomains.com,Male,23-07-1962,Ukraine
675,Curcio,Boyn,cboyniq@twitpic.com,Male,23-10-1988,Taiwan
676,Aluino,Witz,awitzir@google.co.jp,Male,12-02-2002,Poland
677,Garik,Chaudhry,gchaudhryis@vistaprint.com,Male,25-06-2007,Poland
678,Tonie,Dran,tdranit@livejournal.com,Female,12-06-2010,Indonesia
679,Benedick,Tofpik,btofpikiu@soundcloud.com,Genderqueer,29-01-1980,Bosnia and Herzegovina
680,Finn,Duligal,fduligaliv@sun.com,Male,02-01-2011,China
681,Tabbi,Martinovic,tmartinoviciw@reuters.com,Female,26-11-2005,Democratic Republic of the Congo
682,Adriano,Mullenger,amullengerix@delicious.com,Male,17-03-1983,Cameroon
683,Toby,Racher,tracheriy@ft.com,Female,12-12-1983,Brazil
684,Debra,Goldsberry,dgoldsberryiz@quantcast.com,Female,14-08-2001,China
685,Nickolaus,Haster,nhasterj0@salon.com,Genderqueer,31-03-1986,Honduras
686,Beauregard,Northover,bnorthoverj1@mapy.cz,Male,14-10-1971,Iran
687,Calley,Haffenden,chaffendenj2@live.com,Female,04-09-2005,China
688,Hew,Terney,hterneyj3@epa.gov,Male,17-07-2002,China
689,Gilbertina,Jewson,gjewsonj4@godaddy.com,Female,18-04-2008,Russia
690,Modesta,Mokes,mmokesj5@newsvine.com,Female,31-12-1987,Russia
691,Jerrilyn,Idill,jidillj6@pbs.org,Female,28-06-1962,Canada
692,Cy,Cruwys,ccruwysj7@google.nl,Male,05-03-2002,Indonesia
693,Jennie,Ledes,jledesj8@rambler.ru,Female,09-04-1979,Slovenia
694,Ky,Koubu,kkoubuj9@ibm.com,Male,09-09-1992,France
695,Ashlee,Boller,abollerja@github.com,Female,17-12-1964,Kosovo
696,Buck,Cordero,bcorderojb@ifeng.com,Male,08-07-1970,Indonesia
697,Rolando,Giocannoni,rgiocannonijc@unesco.org,Male,17-03-1981,Brazil
698,Lynelle,Crocroft,lcrocroftjd@usa.gov,Female,07-03-1979,Russia
699,Mort,Feasey,mfeaseyje@indiatimes.com,Male,16-04-1972,Philippines
700,Eugen,Osinin,eosininjf@baidu.com,Male,08-06-2017,Russia
701,Lee,Fillimore,lfillimorejg@squarespace.com,Female,01-11-1973,China
702,Freddie,Bonnet,fbonnetjh@sciencedaily.com,Male,02-07-2001,France
703,Gage,Malone,gmaloneji@ow.ly,Male,15-10-1987,Thailand
704,Gladys,Tong,gtongjj@desdev.cn,Female,24-05-1999,Poland
705,Curt,Daleman,cdalemanjk@prnewswire.com,Male,28-10-2022,China
706,Howie,Dimblebee,hdimblebeejl@arizona.edu,Polygender,03-05-1970,Indonesia
707,Estevan,Twells,etwellsjm@icio.us,Male,29-11-1970,Netherlands
708,Roderich,Knappe,rknappejn@cpanel.net,Male,13-04-2016,Nigeria
709,Cherie,Prestage,cprestagejo@disqus.com,Female,13-11-2017,Nigeria
710,Ebenezer,Draye,edrayejp@tmall.com,Male,16-08-2013,Indonesia
711,Cahra,Newns,cnewnsjq@myspace.com,Female,24-12-1989,Poland
712,Eyde,Brislane,ebrislanejr@tiny.cc,Female,26-04-1978,Peru
713,Boyd,Tilliards,btilliardsjs@google.fr,Male,06-03-2009,Iraq
714,Gustave,Wibrew,gwibrewjt@unicef.org,Male,07-08-1975,Brazil
715,Kassie,Grafham,kgrafhamju@indiatimes.com,Female,10-03-1992,Argentina
716,Claudianus,Race,cracejv@state.tx.us,Male,03-11-2000,Chile
717,Annie,Winslow,awinslowjw@purevolume.com,Female,27-10-1966,Greenland
718,Lora,McKiernan,lmckiernanjx@ycombinator.com,Female,18-08-2019,Argentina
719,Quill,Ayliff,qayliffjy@pen.io,Male,31-10-2023,Belarus
720,Sena,Harback,sharbackjz@discovery.com,Female,04-08-1998,Indonesia
721,Gaspard,Geffcock,ggeffcockk0@networksolutions.com,Male,25-10-2009,Hungary
722,Casper,Huggon,chuggonk1@comcast.net,Genderqueer,04-07-1971,Indonesia
723,Marget,Barhams,mbarhamsk2@tiny.cc,Female,26-01-1977,Nigeria
724,Herc,Maplestone,hmaplestonek3@wix.com,Male,21-02-2008,China
725,Harlin,Kegley,hkegleyk4@harvard.edu,Male,10-06-1961,Indonesia
726,Nicol,Shafe,nshafek5@goo.gl,Male,24-12-1992,Sweden
727,Nelie,Feacham,nfeachamk6@intel.com,Female,27-04-2011,China
728,Lionello,Goodding,lgooddingk7@uiuc.edu,Male,31-03-2002,Japan
729,Adrian,Doogood,adoogoodk8@ted.com,Female,22-10-1964,Portugal
730,Cordie,Woodrough,cwoodroughk9@timesonline.co.uk,Genderqueer,27-05-2017,Madagascar
731,Terra,Greenhall,tgreenhallka@rakuten.co.jp,Female,22-07-1986,Indonesia
732,Leanora,Gristhwaite,lgristhwaitekb@msn.com,Female,28-09-1966,Moldova
733,Hugo,Colisbe,hcolisbekc@i2i.jp,Male,26-10-1994,France
734,Bobbye,Fantin,bfantinkd@dropbox.com,Female,07-03-2012,France
735,Juliann,Dougan,jdouganke@google.ca,Female,24-07-2008,Sri Lanka
736,Farlay,Manville,fmanvillekf@unc.edu,Polygender,02-08-1997,Jamaica
737,Mimi,Ragot,mragotkg@shop-pro.jp,Female,28-04-1980,China
738,Madel,Brunke,mbrunkekh@angelfire.com,Female,13-06-2006,China
739,Raddy,Sidery,rsideryki@theguardian.com,Male,15-05-1999,Indonesia
740,Michaela,Fryett,mfryettkj@quantcast.com,Female,06-07-1963,Peru
741,Arte,MacEntee,amacenteekk@vimeo.com,Male,23-10-2017,China
742,Viviana,Olufsen,volufsenkl@nature.com,Female,02-12-1991,Bosnia and Herzegovina
743,Johnna,Whittall,jwhittallkm@meetup.com,Female,03-09-1967,Mongolia
744,Homerus,Iacobucci,hiacobuccikn@mail.ru,Male,23-10-1984,Faroe Islands
745,Rey,McCoole,rmccooleko@youtube.com,Male,08-04-1989,Argentina
746,Banky,Reidie,breidiekp@comcast.net,Male,06-04-1984,China
747,Jilli,Turfus,jturfuskq@mtv.com,Female,24-03-2021,Indonesia
748,Ediva,Wade,ewadekr@indiegogo.com,Female,14-05-2011,Poland
749,Adriaens,Gronaver,agronaverks@berkeley.edu,Female,20-12-1994,Pakistan
750,Ema,Lucks,eluckskt@hostgator.com,Female,25-08-2016,Ireland
751,Justis,Koenraad,jkoenraadku@smh.com.au,Male,22-06-1970,Japan
752,Winifred,Biernat,wbiernatkv@vinaora.com,Female,18-10-1993,Indonesia
753,Reilly,Longrigg,rlongriggkw@w3.org,Male,14-02-2015,France
754,Salli,Heintzsch,sheintzschkx@statcounter.com,Female,13-05-1990,Indonesia
755,Shalna,Strattan,sstrattanky@sourceforge.net,Female,17-07-1998,Japan
756,Madison,Moller,mmollerkz@angelfire.com,Male,08-09-1963,Sweden
757,Margaret,Amori,mamoril0@tiny.cc,Female,03-12-1995,China
758,Roshelle,Stubs,rstubsl1@godaddy.com,Female,28-08-2009,Poland
759,Rivalee,Coalburn,rcoalburnl2@gizmodo.com,Female,06-04-2017,China
760,Hale,Gillio,hgilliol3@tmall.com,Male,18-04-1987,Indonesia
761,Hasheem,Aimson,haimsonl4@stumbleupon.com,Male,25-09-1996,China
762,Padgett,Cinelli,pcinellil5@vkontakte.ru,Male,12-09-1972,France
763,Saundra,Feander,sfeanderl6@bloglines.com,Female,28-05-2007,Indonesia
764,Jake,Server,jserverl7@toplist.cz,Male,22-12-2023,Thailand
765,Brianna,Horder,bhorderl8@youtu.be,Female,31-01-1999,Russia
766,Dani,Laurance,dlaurancel9@twitter.com,Male,07-09-1963,China
767,Lazaro,Piquard,lpiquardla@flavors.me,Male,05-03-2002,China
768,Lotte,Rockliffe,lrockliffelb@imageshack.us,Female,23-08-1978,Bulgaria
769,Shanda,Tresvina,stresvinalc@creativecommons.org,Genderqueer,19-09-1971,China
770,Randall,Jeandet,rjeandetld@bbb.org,Non-binary,19-10-1987,Macedonia
771,Wilmar,Borge,wborgele@rediff.com,Male,04-05-1960,Paraguay
772,Pietra,Heffer,phefferlf@blinklist.com,Female,10-04-2020,China
773,Von,Prys,vpryslg@wordpress.org,Genderfluid,13-10-2017,China
774,Gustie,Hartegan,gharteganlh@usda.gov,Female,09-03-2012,South Africa
775,Kesley,Sealy,ksealyli@ted.com,Female,29-03-2017,Zambia
776,Gina,Hailey,ghaileylj@sina.com.cn,Female,09-07-2007,Philippines
777,Pavlov,Dunster,pdunsterlk@nps.gov,Male,20-02-2021,United States
778,Mabel,Adacot,madacotll@soundcloud.com,Female,04-06-2002,North Korea
779,Glennis,Delaney,gdelaneylm@soup.io,Female,14-10-1975,Brazil
780,Ignatius,Brimble,ibrimbleln@mit.edu,Male,03-11-1999,Japan
781,Audrye,Arnald,aarnaldlo@google.com.au,Female,10-06-2009,Slovenia
782,Maudie,Skeels,mskeelslp@g.co,Female,04-03-2014,Angola
783,Nobie,Moro,nmorolq@fema.gov,Male,20-05-1991,China
784,Joly,Peerless,jpeerlesslr@wikia.com,Female,24-06-1966,China
785,Brear,Garfitt,bgarfittls@g.co,Female,21-05-1989,Greece
786,Michel,Gorvin,mgorvinlt@goo.gl,Male,14-02-1996,China
787,Bevon,MacCoughan,bmaccoughanlu@shareasale.com,Male,24-08-2000,Chile
788,Ann,Llewellyn,allewellynlv@cnbc.com,Female,09-08-1985,Philippines
789,Gennie,Bywaters,gbywaterslw@nydailynews.com,Female,05-11-2003,Thailand
790,Zared,Limpenny,zlimpennylx@livejournal.com,Agender,31-05-1984,Colombia
791,Joey,Wetherill,jwetherillly@merriam-webster.com,Female,19-09-2008,France
792,Jobyna,Lydiard,jlydiardlz@pagesperso-orange.fr,Female,18-08-2006,Portugal
793,Nathanial,Crockley,ncrockleym0@nationalgeographic.com,Male,12-01-1968,Israel
794,Nanice,Melia,nmeliam1@indiegogo.com,Female,12-01-2024,Peru
795,Sly,Musk,smuskm2@ning.com,Polygender,06-08-2000,South Korea
796,Antoni,Oran,aoranm3@google.cn,Male,30-08-2008,Mexico
797,Patricio,Martschke,pmartschkem4@jugem.jp,Male,30-12-2002,Thailand
798,Armando,Houseman,ahousemanm5@umich.edu,Male,08-10-1965,Philippines
799,Kennith,Morby,kmorbym6@guardian.co.uk,Male,11-11-2002,China
800,Gabbie,Rude,grudem7@over-blog.com,Male,08-01-2013,Canada
801,Dwain,Deighan,ddeighanm8@sbwire.com,Male,27-10-1981,Azerbaijan
802,Pernell,Sandle,psandlem9@home.pl,Male,05-03-2017,Brazil
803,Sheff,Iannini,sianninima@latimes.com,Male,28-11-1970,Philippines
804,Mavra,Maccraw,mmaccrawmb@google.com.br,Female,01-04-2014,Japan
805,Mike,Tarquinio,mtarquiniomc@macromedia.com,Male,27-03-1992,Nigeria
806,Rube,Wyard,rwyardmd@cornell.edu,Male,12-04-2010,Sweden
807,Weidar,Bouldon,wbouldonme@discuz.net,Male,13-04-1966,Malaysia
808,Terrijo,Winslow,twinslowmf@fda.gov,Female,27-03-1988,Portugal
809,Tibold,Kernocke,tkernockemg@webeden.co.uk,Male,26-01-1960,Japan
810,Roldan,Le Prevost,rleprevostmh@seattletimes.com,Male,26-03-2000,Sweden
811,Adelina,Kopec,akopecmi@alexa.com,Female,24-11-2016,Reunion
812,Lorita,Christon,lchristonmj@bloglines.com,Agender,25-02-2011,Finland
813,Cris,Karel,ckarelmk@imdb.com,Female,07-08-2011,China
814,Marney,Esberger,mesbergerml@ezinearticles.com,Female,08-01-2018,China
815,Lonnard,Castagnet,lcastagnetmm@drupal.org,Male,18-09-2009,China
816,Ricki,Attyeo,rattyeomn@businesswire.com,Female,11-06-2006,Philippines
817,Sybille,Burnie,sburniemo@marriott.com,Female,21-06-2016,Mexico
818,Nichole,Blest,nblestmp@cnbc.com,Male,20-05-1970,Pakistan
819,Osbourn,Jeanin,ojeaninmq@theglobeandmail.com,Male,12-01-2000,Peru
820,Paige,Nafzger,pnafzgermr@twitter.com,Female,16-02-2005,Philippines
821,Bancroft,Vella,bvellams@hao123.com,Genderqueer,17-05-2006,Indonesia
822,Adiana,Askin,aaskinmt@deliciousdays.com,Female,28-06-1967,France
823,Cicily,Lembcke,clembckemu@whitehouse.gov,Female,14-05-1966,Pakistan
824,Felix,Hubbock,fhubbockmv@dailymotion.com,Male,13-07-2008,Mexico
825,Jeannette,Rama,jramamw@reverbnation.com,Female,29-10-1987,Portugal
826,Mitzi,Sazio,msaziomx@linkedin.com,Female,09-07-1993,Ukraine
827,Gael,Spittle,gspittlemy@fema.gov,Male,29-06-1996,France
828,Avril,Preskett,apreskettmz@netlog.com,Female,26-11-1979,France
829,Kylie,Tuffin,ktuffinn0@examiner.com,Male,04-10-1978,Indonesia
830,Riccardo,Hargroves,rhargrovesn1@huffingtonpost.com,Male,15-12-1981,Indonesia
831,Obadiah,Lowthorpe,olowthorpen2@washingtonpost.com,Male,20-09-1963,Poland
832,Wang,Baffin,wbaffinn3@google.cn,Male,13-08-2004,Brazil
833,Lorilee,Noni,lnonin4@kickstarter.com,Female,16-11-1987,Philippines
834,Celestine,Liddell,cliddelln5@smh.com.au,Female,10-10-2018,Indonesia
835,Giordano,Rosenfeld,grosenfeldn6@desdev.cn,Male,10-09-1996,Poland
836,Pat,Sturzaker,psturzakern7@fotki.com,Male,13-04-1968,France
837,Osbert,Boustred,oboustredn8@skyrock.com,Male,14-07-2015,Ukraine
838,Shermy,Cowderay,scowderayn9@theglobeandmail.com,Male,15-03-1970,Ireland
839,Candra,Beurich,cbeurichna@networksolutions.com,Female,10-09-2011,Canada
840,Herbert,Justice,hjusticenb@ucoz.ru,Male,25-01-2022,Sweden
841,Marve,Peare,mpearenc@sogou.com,Male,22-11-1967,France
842,Burnaby,Cumes,bcumesnd@feedburner.com,Polygender,13-04-1962,China
843,Solly,Kryzhov,skryzhovne@yelp.com,Male,15-05-1997,Indonesia
844,Audy,Bateman,abatemannf@eventbrite.com,Female,21-05-1996,Thailand
845,Sholom,Cottis,scottisng@dailymotion.com,Male,24-01-1991,Portugal
846,Asa,Freezer,afreezernh@phoca.cz,Male,07-10-2000,Austria
847,Averill,Lockwood,alockwoodni@berkeley.edu,Male,17-11-2000,Czech Republic
848,Kary,Pundy,kpundynj@flavors.me,Female,13-06-2000,Mexico
849,Ozzie,Slark,oslarknk@odnoklassniki.ru,Male,10-12-1969,Poland
850,Roana,Chatt,rchattnl@odnoklassniki.ru,Female,26-03-1995,Indonesia
851,Hubie,Claeskens,hclaeskensnm@dyndns.org,Male,24-02-2005,Sweden
852,Emelyne,Swynfen,eswynfennn@seattletimes.com,Female,10-04-1960,Vietnam
853,Georgeanna,Cordero,gcorderono@tripadvisor.com,Bigender,09-09-1973,Indonesia
854,Valentino,Gowans,vgowansnp@networkadvertising.org,Male,10-05-1964,France
855,Starlene,Tetford,stetfordnq@wp.com,Female,23-01-1987,Japan
856,Caryn,Woonton,cwoontonnr@plala.or.jp,Female,24-01-2019,Paraguay
857,Marlowe,Duddle,mduddlens@sakura.ne.jp,Male,26-10-2022,Peru
858,Cherilyn,Froom,cfroomnt@newyorker.com,Female,08-12-2005,Russia
859,Shelli,Danne,sdannenu@techcrunch.com,Bigender,12-06-1992,Nigeria
860,Chery,Nendick,cnendicknv@wordpress.com,Female,21-08-1978,Czech Republic
861,Lettie,Sprulls,lsprullsnw@google.fr,Female,15-06-2008,Indonesia
862,Abigale,Wasmer,awasmernx@globo.com,Female,18-06-1961,Indonesia
863,Olga,Tenney,otenneyny@miitbeian.gov.cn,Female,28-08-1978,Bangladesh
864,Marti,Weare,mwearenz@google.cn,Female,11-04-1969,Colombia
865,Chrisse,Withrop,cwithropo0@sun.com,Male,10-06-2014,China
866,Fairleigh,Morffew,fmorffewo1@deviantart.com,Male,26-03-1996,Bangladesh
867,Berti,Riedel,briedelo2@list-manage.com,Female,02-04-1975,Tanzania
868,Hailey,Flear,hflearo3@1688.com,Male,01-02-1986,China
869,Toby,O'Leahy,toleahyo4@china.com.cn,Male,30-11-2013,Russia
870,Reece,Slade,rsladeo5@washingtonpost.com,Male,05-10-1987,Namibia
871,Amerigo,Amerighi,aamerighio6@bloglovin.com,Male,27-05-2022,Brazil
872,Blondelle,Darwin,bdarwino7@1688.com,Female,11-12-2016,China
873,Darill,Hodgon,dhodgono8@surveymonkey.com,Male,24-08-1968,Indonesia
874,Roy,Nowland,rnowlando9@prweb.com,Male,07-01-1974,Norway
875,Dick,McKue,dmckueoa@npr.org,Male,15-02-2010,Brazil
876,Joete,Birtles,jbirtlesob@hatena.ne.jp,Female,24-06-1976,Ireland
877,Cullie,Bette,cbetteoc@vistaprint.com,Male,29-10-2021,Russia
878,Isabella,Flather,iflatherod@booking.com,Agender,22-06-1963,Nicaragua
879,Roma,Comford,rcomfordoe@163.com,Male,04-07-2011,China
880,Christean,Goldsbrough,cgoldsbroughof@opensource.org,Female,05-04-2010,China
881,Linoel,McGoogan,lmcgooganog@state.gov,Male,12-06-2014,Cameroon
882,Archibaldo,Farquar,afarquaroh@bigcartel.com,Male,28-12-2008,France
883,Marianna,Macoun,mmacounoi@ox.ac.uk,Female,21-08-1969,China
884,Jason,Marr,jmarroj@biblegateway.com,Male,04-10-1993,France
885,Juliana,Wasson,jwassonok@berkeley.edu,Female,26-08-1975,Indonesia
886,Robinia,Rickersey,rrickerseyol@nyu.edu,Female,10-05-2004,Russia
887,Engracia,Billyeald,ebillyealdom@dedecms.com,Female,02-09-2020,Indonesia
888,Eddy,Blancowe,eblancoweon@opera.com,Male,18-08-1985,Mauritius
889,Peyter,Whiskerd,pwhiskerdoo@microsoft.com,Male,28-06-1992,Iran
890,Dalenna,Jerosch,djeroschop@creativecommons.org,Female,06-11-1981,Portugal
891,Brennan,Sheers,bsheersoq@adobe.com,Male,25-02-1966,China
892,Gill,Casarino,gcasarinoor@weather.com,Male,22-04-1974,Serbia
893,Sherwood,Chessman,schessmanos@bloomberg.com,Male,05-07-1987,France
894,Haroun,Flisher,hflisherot@wordpress.com,Male,23-07-1977,Paraguay
895,Kalina,McCreery,kmccreeryou@answers.com,Female,16-12-1964,Russia
896,Franzen,Boatman,fboatmanov@flickr.com,Bigender,22-08-1994,Peru
897,Alexander,Mintram,amintramow@photobucket.com,Male,01-12-1993,Canada
898,Starlene,Hansberry,shansberryox@last.fm,Female,21-04-2002,Colombia
899,Tanney,Acutt,tacuttoy@ihg.com,Male,03-09-1972,Japan
900,Leoline,Renols,lrenolsoz@comcast.net,Female,24-08-1969,Malaysia
901,Andrea,aManger,aamangerp0@nih.gov,Female,08-10-1998,Indonesia
902,Bald,Job,bjobp1@tinyurl.com,Male,26-08-1996,Russia
903,Allianora,Bukowski,abukowskip2@arizona.edu,Female,21-05-1978,Portugal
904,Rafferty,Thackham,rthackhamp3@friendfeed.com,Male,05-03-2021,Norway
905,Myer,Derham,mderhamp4@scribd.com,Male,15-11-2002,Indonesia
906,Neil,Kindell,nkindellp5@weibo.com,Male,27-04-2007,Philippines
907,Sean,Gorse,sgorsep6@wp.com,Female,23-12-2006,Tunisia
908,Jefferey,Pizzey,jpizzeyp7@psu.edu,Male,24-02-1993,Angola
909,Tanhya,McLagan,tmclaganp8@aol.com,Female,20-03-1966,Honduras
910,Arabel,Hempel,ahempelp9@admin.ch,Female,13-01-1977,China
911,Piggy,Hallowell,phallowellpa@dailymail.co.uk,Male,16-05-1989,Suriname
912,Broddy,McLean,bmcleanpb@phpbb.com,Male,02-11-1979,Tunisia
913,Blanca,Ebrall,bebrallpc@youtube.com,Female,11-11-2006,Mauritania
914,Weylin,Desporte,wdesportepd@yandex.ru,Genderfluid,13-12-2023,Brazil
915,Athene,Vedeneev,avedeneevpe@shinystat.com,Female,01-01-2024,France
916,Maxy,Parkin,mparkinpf@chronoengine.com,Female,24-11-2001,Macedonia
917,Ruttger,Clampe,rclampepg@earthlink.net,Male,30-04-2009,Brazil
918,Merv,Dudmarsh,mdudmarshph@digg.com,Male,27-11-1967,Poland
919,Wilmer,Ratnage,wratnagepi@people.com.cn,Male,25-12-1972,Taiwan
920,Mina,Shirer,mshirerpj@wsj.com,Female,21-04-2004,Greece
921,Dacey,Cantor,dcantorpk@topsy.com,Female,23-04-1995,China
922,Base,Rosario,brosariopl@japanpost.jp,Male,18-09-1966,Democratic Republic of the Congo
923,Ranna,Bowen,rbowenpm@uol.com.br,Female,21-09-1973,Israel
924,Perri,Drysdale,pdrysdalepn@hubpages.com,Non-binary,18-06-2001,Brazil
925,Ibrahim,Wainscoat,iwainscoatpo@rediff.com,Male,06-06-1993,Indonesia
926,Philly,Leyrroyd,pleyrroydpp@trellian.com,Female,16-01-2017,Denmark
927,Bea,Braban,bbrabanpq@ask.com,Female,29-06-1984,Indonesia
928,Damaris,Winny,dwinnypr@dmoz.org,Female,15-02-2010,Portugal
929,Derick,Falkinder,dfalkinderps@hatena.ne.jp,Male,08-08-1991,China
930,Ambrosi,Kindall,akindallpt@diigo.com,Male,23-05-1991,South Africa
931,Gaylene,Cutajar,gcutajarpu@ted.com,Female,30-01-1980,Moldova
932,Anatollo,McDougle,amcdouglepv@adobe.com,Non-binary,03-08-2016,Israel
933,Valli,Kitchenside,vkitchensidepw@blogtalkradio.com,Female,12-01-1982,Gambia
934,Lucilia,Sivyour,lsivyourpx@msn.com,Female,01-08-1971,Italy
935,Amelita,Grandin,agrandinpy@google.com.br,Female,01-09-1972,Thailand
936,Olin,O'Sculley,oosculleypz@blogs.com,Male,12-04-2002,Palestinian Territory
937,Bret,Scorrer,bscorrerq0@boston.com,Male,02-03-1971,Ireland
938,Inga,Chessman,ichessmanq1@lycos.com,Female,21-08-2006,France
939,Gwyn,Lerigo,glerigoq2@goo.gl,Female,28-12-1998,Philippines
940,Isadore,Krop,ikropq3@sfgate.com,Male,18-05-1992,Indonesia
941,Letti,Dunkerly,ldunkerlyq4@cnn.com,Female,17-07-1972,Indonesia
942,Freeland,Smidmor,fsmidmorq5@jalbum.net,Male,31-12-2016,Philippines
943,Errol,Jopling,ejoplingq6@exblog.jp,Male,06-08-1980,Colombia
944,Gardy,Elkin,gelkinq7@unc.edu,Male,27-06-2023,France
945,Pietra,Gossart,pgossartq8@boston.com,Female,01-04-1990,Brazil
946,Etan,Dransfield,edransfieldq9@sourceforge.net,Male,19-08-1997,China
947,Silva,Brant,sbrantqa@fda.gov,Female,07-06-2019,Greece
948,Chester,Jeffries,cjeffriesqb@cam.ac.uk,Male,22-10-1983,Zimbabwe
949,Noella,Drillingcourt,ndrillingcourtqc@skype.com,Female,09-11-1969,China
950,Mandel,VanBrugh,mvanbrughqd@ted.com,Male,05-09-2005,Mozambique
951,Tuckie,Adamthwaite,tadamthwaiteqe@typepad.com,Male,20-05-1974,Uzbekistan
952,Casandra,Bachnic,cbachnicqf@google.es,Female,18-04-1985,United States
953,Etty,Westmacott,ewestmacottqg@bloomberg.com,Female,22-07-1990,Canada
954,Roy,Longmaid,rlongmaidqh@ucoz.ru,Genderfluid,10-04-2015,Indonesia
955,Ddene,Oslar,doslarqi@w3.org,Female,23-05-1989,Brazil
956,Edythe,Miere,emiereqj@disqus.com,Female,28-04-1982,Sweden
957,Dulce,Kenninghan,dkenninghanqk@time.com,Female,07-12-1968,France
958,Crissie,Aylin,caylinql@aol.com,Female,31-12-1972,China
959,Nickola,Ingolotti,ningolottiqm@time.com,Male,17-12-1967,Russia
960,Basilius,Crigin,bcriginqn@webnode.com,Male,21-05-1997,Argentina
961,Aleece,Beecham,abeechamqo@t.co,Female,03-07-1994,Ireland
962,Celene,Godding,cgoddingqp@zimbio.com,Female,02-09-2020,Cameroon
963,Darbee,Applewhite,dapplewhiteqq@columbia.edu,Male,05-06-2020,Indonesia
964,Christophe,Culmer,cculmerqr@hibu.com,Male,18-01-2010,Japan
965,Julius,Castellaccio,jcastellaccioqs@bing.com,Male,15-04-2003,Philippines
966,Ethe,Bromont,ebromontqt@mlb.com,Male,28-01-2007,Japan
967,Cristie,Clews,cclewsqu@jiathis.com,Female,04-05-2005,Costa Rica
968,Esdras,Wickersley,ewickersleyqv@twitter.com,Male,01-08-2012,Brazil
969,Jany,Evers,jeversqw@wikia.com,Female,01-05-1964,Jordan
970,Lorri,Pashler,lpashlerqx@abc.net.au,Female,27-09-1999,Bulgaria
971,Pavia,Stoppe,pstoppeqy@unicef.org,Genderqueer,24-02-1977,Guatemala
972,Vivianne,Ingham,vinghamqz@independent.co.uk,Female,12-08-1996,China
973,Velvet,Robertacci,vrobertaccir0@disqus.com,Female,13-09-1975,Poland
974,Basilio,Creagh,bcreaghr1@oracle.com,Male,26-01-2003,Jordan
975,Roth,Blazy,rblazyr2@usgs.gov,Male,03-02-1961,Bosnia and Herzegovina
976,Sophie,Bowles,sbowlesr3@trellian.com,Female,13-03-1974,China
977,Burt,Nertney,bnertneyr4@biblegateway.com,Male,15-03-1977,China
978,Shaine,Shernock,sshernockr5@e-recht24.de,Female,03-07-2008,Greece
979,Christalle,Josifovitz,cjosifovitzr6@ucoz.ru,Female,11-12-1984,Kazakhstan
980,Bondon,Swanton,bswantonr7@elegantthemes.com,Male,20-01-1996,Honduras
981,Duff,Exell,dexellr8@army.mil,Male,14-06-2009,China
982,Saxon,Jonson,sjonsonr9@alexa.com,Genderfluid,05-12-1966,China
983,Carrie,Gieraths,cgierathsra@taobao.com,Female,01-07-2023,Iran
984,Barbette,Kalvin,bkalvinrb@cocolog-nifty.com,Female,12-10-2012,Ukraine
985,Nevin,Shugg,nshuggrc@hp.com,Male,27-12-1968,Indonesia
986,Armando,Britian,abritianrd@hao123.com,Male,31-12-2019,Russia
987,Guglielmo,Caudle,gcaudlere@imgur.com,Male,16-09-1998,Sri Lanka
988,Cchaddie,Di Francesco,cdifrancescorf@boston.com,Male,23-03-1978,Peru
989,Melony,Fessions,mfessionsrg@jugem.jp,Female,04-10-2017,Czech Republic
990,Calhoun,Rocks,crocksrh@yelp.com,Male,07-11-1976,Indonesia
991,Ryan,Oakenfield,roakenfieldri@flavors.me,Male,04-05-2011,United States
992,Arabele,Pacht,apachtrj@economist.com,Female,31-10-2003,Indonesia
993,Klarrisa,Pendlebery,kpendleberyrk@drupal.org,Female,05-07-2006,Brazil
994,Anders,Bough,aboughrl@netscape.com,Male,04-06-1980,Croatia
995,Daveen,Ateggart,dateggartrm@zdnet.com,Female,16-01-1994,Croatia
996,Creight,Pedwell,cpedwellrn@kickstarter.com,Male,03-10-1965,Indonesia
997,Karalee,Husset,khussetro@flickr.com,Female,02-04-1962,Ethiopia
998,Hayyim,Caukill,hcaukillrp@twitter.com,Male,29-10-2003,Iraq
999,Erich,Swendell,eswendellrq@patch.com,Male,22-08-2020,China
1000,Liv,Cammell,lcammellrr@123-reg.co.uk,Female,08-02-1975,Thailand
